Tipo_vivienda;Superficie construida;Habitaciones;Baños;Planta;Conservación;Precio;PMZona;PMm²Zona;RMP;RMH
Piso;121.0;3;2;1.0;En buen estado;2100.0;4039.88;19.27;27167.0;86403.0
Piso;225.0;4;3;1.0;En buen estado;2500.0;4039.88;19.27;27167.0;86403.0
Casa;600.0;6;7;0.0;En buen estado;4000.0;2561.81;12.41;21254.0;65428.0
Piso;89.0;2;2;0.0;Reformado;1600.0;1950.7;21.77;17026.0;39991.0
Piso;85.0;2;2;8.0;En buen estado;1790.0;2545.3;20.32;24659.0;63205.0
Piso;93.0;3;2;6.0;En buen estado;2500.0;3886.67;27.61;25956.0;60217.0
Piso;87.0;2;2;8.0;En buen estado;1790.0;2545.3;20.32;24659.0;63205.0
Piso;124.0;3;2;5.0;Reformado;1290.0;1043.64;13.12;12566.0;34529.0
Piso;100.0;3;2;1.0;En buen estado;1400.0;2453.57;10.8;19257.0;58788.0
Apartamento;40.0;1;1;4.0;En buen estado;1100.0;3441.98;25.93;25275.0;56281.0
Casa adosada;224.0;3;3;0.0;En buen estado;2000.0;2453.57;10.8;19257.0;58788.0
Apartamento;70.0;2;2;2.0;En buen estado;2200.0;2545.3;20.32;24659.0;63205.0
Piso;70.0;2;1;1.0;En buen estado;1750.0;3441.98;25.93;25275.0;56281.0
Chalet;174.0;4;3;0.0;A estrenar;1250.0;1250.0;7.18;14379.0;36547.0
Apartamento;40.0;1;1;-0.5;Reformado;800.0;1677.38;22.02;20103.0;46699.0
Dúplex;377.0;7;5;2.0;Reformado;4000.0;3328.25;14.16;21248.0;66390.0
Piso;45.0;1;1;3.0;En buen estado;1500.0;2787.63;26.98;19199.0;38360.0
Piso;60.0;1;1;2.0;En buen estado;1350.0;3396.94;22.37;28233.0;69670.0
Piso;230.0;4;3;7.0;Reformado;4175.0;3886.67;27.61;25956.0;60217.0
Ático;275.0;5;5;3.0;En buen estado;5800.0;2528.57;16.28;19394.0;57962.0
Piso;120.0;3;2;3.0;A estrenar;2200.0;2528.57;16.28;19394.0;57962.0
Ático;89.0;2;1;2.0;En buen estado;1700.0;2545.3;20.32;24659.0;63205.0
Ático;176.0;3;3;2.0;Reformado;4850.0;3441.98;25.93;25275.0;56281.0
Piso;65.0;1;1;2.0;En buen estado;1300.0;2545.3;20.32;24659.0;63205.0
Ático;170.0;4;3;6.0;Reformado;5500.0;3441.98;25.93;25275.0;56281.0
Piso;175.0;3;2;2.0;Reformado;1850.0;2890.45;16.94;20500.0;54316.0
Piso;199.0;3;2;11.0;Reformado;3300.0;3396.94;22.37;28233.0;69670.0
Piso;104.0;3;2;2.0;En buen estado;2400.0;2506.52;22.52;23925.0;57448.0
Piso;182.0;4;3;0.0;En buen estado;2700.0;3328.25;14.16;21248.0;66390.0
Piso;122.0;2;1;2.0;En buen estado;2400.0;2787.63;26.98;19199.0;38360.0
Piso;43.0;1;1;3.0;En buen estado;1150.0;3441.98;25.93;25275.0;56281.0
Piso;45.0;1;1;2.0;En buen estado;1000.0;1950.7;21.77;17026.0;39991.0
Piso;45.0;1;1;2.0;A estrenar;862.0;983.32;16.24;11059.0;30673.0
Piso;165.0;3;2;3.0;A estrenar;1400.0;1125.0;11.35;13080.0;36502.0
Piso;114.0;3;2;2.0;En buen estado;1400.0;1366.67;14.13;19482.0;51400.0
Apartamento;55.0;1;1;0.0;En buen estado;700.0;1125.0;11.35;13080.0;36502.0
Chalet;90.0;1;1;0.0;En buen estado;1300.0;1300.0;16.78;14500.0;44410.0
Piso;40.0;1;1;1.0;En buen estado;895.0;1677.38;22.02;20103.0;46699.0
Piso;50.0;2;1;1.0;En buen estado;800.0;1156.2;17.03;13719.0;33790.0
Piso;141.0;4;2;2.0;En buen estado;1300.0;1916.11;16.14;16890.0;41311.0
Piso;120.0;3;2;8.0;En buen estado;1400.0;1621.88;11.7;20477.0;59299.0
Piso;440.0;5;4;2.0;En buen estado;3850.0;2890.45;16.94;20500.0;54316.0
Piso;342.0;4;4;2.0;Reformado;3500.0;2535.85;14.31;20671.0;55125.0
Piso;206.0;3;3;4.0;En buen estado;2400.0;4039.88;19.27;27167.0;86403.0
Ático;132.0;2;2;3.0;Reformado;3500.0;4462.56;19.35;19394.0;57962.0
Ático;210.0;3;3;0.0;Reformado;3000.0;4462.56;19.35;19394.0;57962.0
Apartamento;43.0;1;1;4.0;En buen estado;1150.0;2787.63;26.98;19199.0;38360.0
Piso;157.0;4;2;2.0;En buen estado;2800.0;3886.67;27.61;25956.0;60217.0
Piso;156.0;3;3;2.0;En buen estado;6000.0;3886.67;27.61;25956.0;60217.0
Piso;204.0;4;3;7.0;Reformado;3950.0;3886.67;27.61;25956.0;60217.0
Piso;52.0;2;1;2.0;En buen estado;1224.0;2545.3;20.32;24659.0;63205.0
Estudio;40.0;1;1;0.0;Reformado;950.0;1024.26;16.55;10941.0;28681.0
Piso;305.0;4;4;5.0;En buen estado;6500.0;3441.98;25.93;25275.0;56281.0
Piso;138.0;3;2;3.0;En buen estado;1700.0;2535.85;14.31;20671.0;55125.0
Apartamento;40.0;1;1;3.0;Reformado;980.0;2787.63;26.98;19199.0;38360.0
Piso;55.0;1;1;2.0;Reformado;820.0;1916.11;16.14;16890.0;41311.0
Piso;79.0;2;1;5.0;En buen estado;1500.0;1950.7;21.77;17026.0;39991.0
Ático;220.0;4;4;3.0;A estrenar;4550.0;4462.56;19.35;19394.0;57962.0
Piso;150.0;4;2;1.0;En buen estado;2490.0;3886.67;27.61;25956.0;60217.0
Piso;110.0;2;2;4.0;En buen estado;3900.0;3886.67;27.61;25956.0;60217.0
Piso;350.0;4;3;3.0;A estrenar;5850.0;3396.94;22.37;28233.0;69670.0
Piso;69.0;2;1;0.0;En buen estado;1100.0;3490.0;11.43;16370.999999999998;45647.0
Piso;56.0;1;1;0.0;En buen estado;1600.0;2506.52;22.52;23925.0;57448.0
Piso;50.0;1;1;4.0;En buen estado;950.0;974.29;14.69;13993.0;36837.0
Piso;64.0;1;1;7.0;Reformado;1550.0;2506.52;22.52;23925.0;57448.0
Chalet adosado;372.0;3;3;0.0;En buen estado;2700.0;2535.85;14.31;20671.0;55125.0
Piso;123.0;3;2;2.0;A estrenar;2200.0;2506.52;22.52;23925.0;57448.0
Ático;93.0;2;2;9.0;En buen estado;3200.0;3886.67;27.61;25956.0;60217.0
Piso;90.0;2;2;5.0;En buen estado;1400.0;2535.85;14.31;20671.0;55125.0
Piso;275.0;4;4;2.0;En buen estado;3500.0;2545.3;20.32;24659.0;63205.0
Dúplex;120.0;3;3;5.0;En buen estado;2400.0;2787.63;26.98;19199.0;38360.0
Piso;127.0;3;2;3.0;A estrenar;3000.0;2506.52;22.52;23925.0;57448.0
Piso;123.0;3;2;1.0;A estrenar;2700.0;1285.7;14.05;13849.0;37141.0
Piso;79.0;1;1;2.0;En buen estado;1950.0;1950.7;21.77;17026.0;39991.0
Piso;240.0;4;4;2.0;En buen estado;4000.0;4462.56;19.35;19394.0;57962.0
Casa adosada;345.0;4;3;0.0;En buen estado;3700.0;2890.45;16.94;20500.0;54316.0
Piso;110.0;2;2;3.0;En buen estado;950.0;1900.0;8.74;15887.0;44955.0
Piso;112.0;2;2;1.0;En buen estado;2800.0;3886.67;27.61;25956.0;60217.0
Apartamento;65.0;1;1;2.0;En buen estado;850.0;1366.67;14.13;19482.0;51400.0
Piso;210.0;4;3;3.0;En buen estado;3000.0;3441.98;25.93;25275.0;56281.0
Piso;115.0;3;2;12.0;En buen estado;1950.0;2545.3;20.32;24659.0;63205.0
Piso;66.0;1;2;-0.5;En buen estado;2200.0;3441.98;25.93;25275.0;56281.0
Apartamento;50.0;1;1;0.0;En buen estado;950.0;3396.94;22.37;28233.0;69670.0
Piso;88.0;2;1;0.0;En buen estado;1300.0;1173.33;13.43;15667.0;38421.0
Piso;90.0;2;1;2.0;En buen estado;1700.0;1677.38;22.02;20103.0;46699.0
Piso;190.0;6;3;15.0;En buen estado;1900.0;2535.85;14.31;20671.0;55125.0
Piso;125.0;3;2;1.0;En buen estado;2000.0;1677.38;22.02;20103.0;46699.0
Piso;229.0;4;3;2.0;En buen estado;2900.0;1950.7;21.77;17026.0;39991.0
Piso;260.0;5;4;2.0;En buen estado;3500.0;1916.11;16.14;16890.0;41311.0
Piso;94.0;2;2;2.0;En buen estado;1150.0;1285.7;14.05;13849.0;37141.0
Piso;65.0;2;2;0.0;A estrenar;950.0;1003.85;15.73;14205.0;36962.0
Piso;76.0;2;1;2.0;En buen estado;1190.0;2324.29;13.05;21537.0;69688.0
Piso;76.0;2;2;5.0;En buen estado;2700.0;3886.67;27.61;25956.0;60217.0
Piso;55.0;1;1;2.0;En buen estado;925.0;1156.2;17.03;13719.0;33790.0
Piso;95.0;3;1;2.0;A estrenar;1795.0;914.06;11.78;11788.0;34016.0
Dúplex;223.0;4;4;2.0;En buen estado;3500.0;1916.11;16.14;16890.0;41311.0
Apartamento;75.0;1;1;3.0;En buen estado;1200.0;2506.52;22.52;23925.0;57448.0
Piso;62.0;1;1;2.0;A estrenar;850.0;850.0;13.4;13234.0;36256.0
Piso;115.0;2;1;2.0;En buen estado;1900.0;3441.98;25.93;25275.0;56281.0
Ático;150.0;3;2;2.0;En buen estado;2000.0;1024.26;16.55;10941.0;28681.0
Ático;67.0;2;1;5.0;A estrenar;1400.0;1278.57;16.42;15115.0;39321.0
Casa adosada;363.0;4;4;0.0;En buen estado;3950.0;2535.85;14.31;20671.0;55125.0
Piso;85.0;2;1;2.0;En buen estado;1250.0;1950.7;21.77;17026.0;39991.0
Piso;56.0;1;1;2.0;En buen estado;1975.0;2787.63;26.98;19199.0;38360.0
Ático;298.0;4;4;2.0;En buen estado;6000.0;3396.94;22.37;28233.0;69670.0
Piso;45.0;1;1;0.0;A estrenar;935.0;983.32;16.24;11059.0;30673.0
Chalet;174.0;4;3;0.0;A estrenar;1250.0;1250.0;7.18;14379.0;36547.0
Piso;109.0;2;2;2.0;En buen estado;2200.0;4039.88;19.27;27167.0;86403.0
Piso;114.0;2;2;1.0;Reformado;2800.0;4462.56;19.35;19394.0;57962.0
Apartamento;100.0;2;2;0.0;En buen estado;1650.0;4462.56;19.35;19394.0;57962.0
Piso;150.0;2;2;1.0;Reformado;2800.0;4462.56;19.35;19394.0;57962.0
Piso;75.0;2;1;2.0;En buen estado;1450.0;3886.67;27.61;25956.0;60217.0
Ático;72.0;1;1;3.0;En buen estado;1940.0;3396.94;22.37;28233.0;69670.0
Piso;160.0;2;3;3.0;A estrenar;3500.0;4462.56;19.35;19394.0;57962.0
Ático;110.0;2;2;9.0;En buen estado;3200.0;3886.67;27.61;25956.0;60217.0
Piso;204.0;4;3;7.0;Reformado;3950.0;3886.67;27.61;25956.0;60217.0
Apartamento;58.0;3;1;1.0;Reformado;2300.0;1950.7;21.77;17026.0;39991.0
Ático;95.0;3;1;6.0;En buen estado;2500.0;3886.67;27.61;25956.0;60217.0
Piso;95.0;2;2;4.0;En buen estado;1450.0;2535.85;14.31;20671.0;55125.0
Apartamento;152.0;4;2;2.0;En buen estado;2800.0;2787.63;26.98;19199.0;38360.0
Piso;200.0;4;3;0.0;En buen estado;3150.0;4039.88;19.27;27167.0;86403.0
Apartamento;67.0;3;1;0.0;En buen estado;2300.0;3441.98;25.93;25275.0;56281.0
Chalet;464.0;6;5;0.0;Reformado;3000.0;2453.57;10.8;19257.0;58788.0
Dúplex;40.0;2;1;0.0;En buen estado;1500.0;2545.3;20.32;24659.0;63205.0
Loft;205.0;2;3;1.0;En buen estado;3700.0;2787.63;26.98;19199.0;38360.0
Piso;85.0;2;2;2.0;En buen estado;1150.0;1362.06;13.71;14996.0;43503.0
Ático;254.0;3;4;3.0;Reformado;4200.0;4462.56;19.35;19394.0;57962.0
Chalet;300.0;4;2;0.0;En buen estado;2300.0;2033.33;9.74;15018.0;38927.0
Chalet adosado;200.0;5;4;0.0;En buen estado;3800.0;4462.56;19.35;19394.0;57962.0
Piso;160.0;4;3;1.0;A estrenar;4400.0;4039.88;19.27;27167.0;86403.0
Piso;270.0;3;4;6.0;Reformado;4100.0;3886.67;27.61;25956.0;60217.0
Apartamento;166.0;2;2;1.0;En buen estado;3278.0;2787.63;26.98;19199.0;38360.0
Piso;40.0;1;1;0.0;Reformado;850.0;1677.38;22.02;20103.0;46699.0
Apartamento;103.0;1;1;3.0;En buen estado;2024.0;2787.63;26.98;19199.0;38360.0
Chalet;224.0;3;3;0.0;En buen estado;2000.0;2453.57;10.8;19257.0;58788.0
Apartamento;90.0;1;1;4.0;En buen estado;2450.0;3886.67;27.61;25956.0;60217.0
Piso;203.0;3;2;2.0;En buen estado;3800.0;2506.52;22.52;23925.0;57448.0
Apartamento;54.0;1;1;4.0;En buen estado;1531.0;1677.38;22.02;20103.0;46699.0
Dúplex;180.0;4;2;7.0;Reformado;3700.0;3441.98;25.93;25275.0;56281.0
Piso;130.0;2;3;2.0;A estrenar;1950.0;2787.63;26.98;19199.0;38360.0
Apartamento;40.0;1;1;3.0;En buen estado;1422.0;2787.63;26.98;19199.0;38360.0
Piso;179.0;4;3;5.0;A estrenar;3500.0;3441.98;25.93;25275.0;56281.0
Piso;125.0;2;2;2.0;En buen estado;1750.0;3441.98;25.93;25275.0;56281.0
Piso;225.0;2;3;2.0;Reformado;3500.0;4462.56;19.35;19394.0;57962.0
Piso;50.0;1;1;2.0;En buen estado;1050.0;2890.45;16.94;20500.0;54316.0
Apartamento;87.0;1;1;8.0;Reformado;1900.0;3441.98;25.93;25275.0;56281.0
Casa;112.0;1;1;0.0;En buen estado;1000.0;1141.67;9.46;16802.0;42412.0
Piso;90.0;2;2;1.0;A estrenar;1900.0;2787.63;26.98;19199.0;38360.0
Casa adosada;437.0;4;4;0.0;En buen estado;3300.0;4411.73;10.35;23169.0;76685.0
Piso;98.0;3;1;1.0;En buen estado;1500.0;1677.38;22.02;20103.0;46699.0
Ático;320.0;4;4;0.0;Reformado;4950.0;3396.94;22.37;28233.0;69670.0
Piso;60.0;1;1;2.0;En buen estado;2900.0;3886.67;27.61;25956.0;60217.0
Piso;180.0;3;2;2.0;En buen estado;1750.0;2535.85;14.31;20671.0;55125.0
Piso;50.0;1;1;2.0;En buen estado;790.0;914.06;11.78;11788.0;34016.0
Piso;85.0;2;2;6.0;En buen estado;2500.0;3396.94;22.37;28233.0;69670.0
Casa pareada;160.0;4;3;0.0;Reformado;4100.0;4462.56;19.35;19394.0;57962.0
Ático;145.0;3;3;5.0;En buen estado;3700.0;3396.94;22.37;28233.0;69670.0
Chalet;240.0;4;3;0.0;En buen estado;1600.0;1275.83;10.49;15757.0;46101.0
Apartamento;74.0;1;1;0.5;Reformado;2800.0;3396.94;22.37;28233.0;69670.0
Piso;195.0;4;4;5.0;En buen estado;3800.0;3886.67;27.61;25956.0;60217.0
Apartamento;95.0;1;2;2.0;Reformado;2000.0;3886.67;27.61;25956.0;60217.0
Dúplex;270.0;4;3;3.0;En buen estado;3000.0;2545.3;20.32;24659.0;63205.0
Apartamento;58.0;2;1;1.0;Reformado;1900.0;1950.7;21.77;17026.0;39991.0
Ático;122.0;2;2;7.0;A estrenar;3700.0;3441.98;25.93;25275.0;56281.0
Piso;50.0;1;1;2.0;En buen estado;1050.0;2890.45;16.94;20500.0;54316.0
Piso;150.0;3;3;1.0;Reformado;5000.0;3886.67;27.61;25956.0;60217.0
Piso;120.0;4;2;1.0;En buen estado;1250.0;914.06;11.78;11788.0;34016.0
Apartamento;72.0;1;1;5.0;En buen estado;1900.0;2787.63;26.98;19199.0;38360.0
Piso;150.0;3;3;8.0;Reformado;2890.0;3396.94;22.37;28233.0;69670.0
Dúplex;120.0;2;3;0.0;A estrenar;3600.0;4039.88;19.27;27167.0;86403.0
Piso;200.0;4;3;3.0;En buen estado;4200.0;2787.63;26.98;19199.0;38360.0
Piso;332.0;5;3;2.0;Reformado;5900.0;3886.67;27.61;25956.0;60217.0
Piso;69.0;2;2;2.0;En buen estado;2900.0;3886.67;27.61;25956.0;60217.0
Piso;69.0;2;2;2.0;En buen estado;2900.0;3886.67;27.61;25956.0;60217.0
Piso;72.0;1;1;0.0;Reformado;1300.0;1677.38;22.02;20103.0;46699.0
Piso;99.0;2;2;2.0;A estrenar;3400.0;2787.63;26.98;19199.0;38360.0
Piso;177.0;4;4;4.0;Reformado;4500.0;3396.94;22.37;28233.0;69670.0
Piso;126.0;2;2;4.0;Reformado;3950.0;3441.98;25.93;25275.0;56281.0
Chalet adosado;200.0;4;4;0.0;En buen estado;3300.0;4462.56;19.35;19394.0;57962.0
Piso;162.0;3;3;2.0;En buen estado;3100.0;2787.63;26.98;19199.0;38360.0
Piso;100.0;1;2;2.0;En buen estado;2400.0;3441.98;25.93;25275.0;56281.0
Piso;160.0;2;2;4.0;En buen estado;5100.0;3886.67;27.61;25956.0;60217.0
Piso;45.0;1;2;2.0;En buen estado;950.0;1362.06;13.71;14996.0;43503.0
Piso;77.0;2;2;2.0;En buen estado;3500.0;3886.67;27.61;25956.0;60217.0
Dúplex;100.0;2;1;5.0;En buen estado;1850.0;2787.63;26.98;19199.0;38360.0
Piso;91.0;1;2;5.0;Reformado;3300.0;3441.98;25.93;25275.0;56281.0
Ático;150.0;3;2;6.0;Reformado;3500.0;2787.63;26.98;19199.0;38360.0
Piso;110.0;2;2;3.0;Reformado;3550.0;2787.63;26.98;19199.0;38360.0
Piso;100.0;2;3;1.0;Reformado;2500.0;2787.63;26.98;19199.0;38360.0
Piso;148.0;2;2;3.0;Reformado;3800.0;2787.63;26.98;19199.0;38360.0
Chalet adosado;210.0;4;4;0.0;Reformado;3500.0;4462.56;19.35;19394.0;57962.0
Piso;60.0;1;1;4.0;A estrenar;2500.0;2787.63;26.98;19199.0;38360.0
Piso;225.0;4;3;7.0;Reformado;4100.0;3396.94;22.37;28233.0;69670.0
Piso;70.0;2;2;3.0;Reformado;1650.0;1950.7;21.77;17026.0;39991.0
Casa;157.0;3;2;0.0;En buen estado;1258.0;2561.81;12.41;21254.0;65428.0
Piso;45.0;2;1;2.0;A estrenar;1690.0;3886.67;27.61;25956.0;60217.0
Piso;129.0;1;1;9.0;Reformado;3900.0;3396.94;22.37;28233.0;69670.0
Piso;100.0;2;2;6.0;A estrenar;2100.0;2506.52;22.52;23925.0;57448.0
Ático;194.0;2;3;3.0;Reformado;5800.0;3396.94;22.37;28233.0;69670.0
Estudio;120.0;1;1;3.0;En buen estado;1700.0;2506.52;22.52;23925.0;57448.0
Piso;60.0;1;1;2.0;En buen estado;2900.0;3886.67;27.61;25956.0;60217.0
Apartamento;65.0;2;1;5.0;En buen estado;1500.0;2787.63;26.98;19199.0;38360.0
Piso;94.0;1;1;2.0;Reformado;3100.0;3441.98;25.93;25275.0;56281.0
Piso;129.0;2;2;3.0;Reformado;3950.0;3441.98;25.93;25275.0;56281.0
Chalet adosado;220.0;3;3;0.0;En buen estado;3200.0;4462.56;19.35;19394.0;57962.0
Piso;90.0;2;2;6.0;Reformado;2600.0;3396.94;22.37;28233.0;69670.0
Apartamento;70.0;1;1;15.0;Reformado;1750.0;3396.94;22.37;28233.0;69670.0
Piso;126.0;2;2;2.0;Reformado;3500.0;2787.63;26.98;19199.0;38360.0
Piso;50.0;1;1;1.0;En buen estado;600.0;600.0;12.0;11421.0;32837.0
Piso;318.0;4;3;4.0;En buen estado;2900.0;3396.94;22.37;28233.0;69670.0
Piso;60.0;2;1;0.0;Reformado;1350.0;1916.11;16.14;16890.0;41311.0
Ático;130.0;4;2;2.0;En buen estado;1750.0;1362.06;13.71;14996.0;43503.0
Piso;88.0;2;1;5.0;Reformado;2500.0;2787.63;26.98;19199.0;38360.0
Piso;60.0;1;1;5.0;En buen estado;2600.0;2787.63;26.98;19199.0;38360.0
Piso;75.0;1;1;2.0;Reformado;1800.0;3886.67;27.61;25956.0;60217.0
Ático;248.0;4;2;2.0;A estrenar;2500.0;1275.83;10.49;15757.0;46101.0
Dúplex;92.0;2;2;3.0;En buen estado;2700.0;3886.67;27.61;25956.0;60217.0
Piso;126.0;2;2;3.0;A estrenar;3650.0;2787.63;26.98;19199.0;38360.0
Chalet;250.0;5;2;0.0;En buen estado;2300.0;2453.57;10.8;19257.0;58788.0
Chalet adosado;150.0;3;4;0.0;Reformado;4100.0;4462.56;19.35;19394.0;57962.0
Piso;173.0;3;3;11.0;Reformado;4300.0;1916.11;16.14;16890.0;41311.0
Ático;156.0;2;2;5.0;A estrenar;5550.0;2787.63;26.98;19199.0;38360.0
Piso;156.0;3;2;6.0;Reformado;3350.0;3886.67;27.61;25956.0;60217.0
Piso;137.0;2;2;5.0;En buen estado;5800.0;3886.67;27.61;25956.0;60217.0
Piso;82.0;2;2;4.0;A estrenar;3200.0;2787.63;26.98;19199.0;38360.0
Piso;430.0;4;5;7.0;Reformado;6500.0;3441.98;25.93;25275.0;56281.0
Piso;332.0;5;3;2.0;Reformado;5900.0;3886.67;27.61;25956.0;60217.0
Piso;143.0;4;2;6.0;En buen estado;2000.0;2506.52;22.52;23925.0;57448.0
Piso;80.0;2;1;2.0;Reformado;2600.0;3441.98;25.93;25275.0;56281.0
Ático;180.0;4;4;7.0;Reformado;4995.0;3441.98;25.93;25275.0;56281.0
Chalet pareado;500.0;4;6;0.0;En buen estado;5000.0;4462.56;19.35;19394.0;57962.0
Piso;76.0;1;2;4.0;En buen estado;2200.0;3396.94;22.37;28233.0;69670.0
Apartamento;55.0;1;1;4.0;En buen estado;2010.0;2787.63;26.98;19199.0;38360.0
Piso;140.0;2;3;1.0;En buen estado;3000.0;2506.52;22.52;23925.0;57448.0
Piso;224.0;3;3;2.0;En buen estado;4800.0;3886.67;27.61;25956.0;60217.0
Piso;90.0;2;2;5.0;A estrenar;3200.0;2787.63;26.98;19199.0;38360.0
Ático;220.0;2;2;5.0;Reformado;5500.0;2787.63;26.98;19199.0;38360.0
Piso;105.0;2;2;6.0;Reformado;3200.0;3886.67;27.61;25956.0;60217.0
Piso;89.0;1;1;5.0;En buen estado;1600.0;3886.67;27.61;25956.0;60217.0
Piso;334.0;4;5;1.0;En buen estado;6500.0;3886.67;27.61;25956.0;60217.0
Chalet unifamiliar;550.0;5;5;0.0;En buen estado;4200.0;3490.0;11.43;16370.999999999998;45647.0
Ático;116.0;2;1;6.0;En buen estado;1450.0;2890.45;16.94;20500.0;54316.0
Piso;240.0;2;3;4.0;Reformado;4500.0;3886.67;27.61;25956.0;60217.0
Piso;114.0;3;3;4.0;Reformado;2600.0;2535.85;14.31;20671.0;55125.0
Piso;221.0;4;4;2.0;Reformado;5400.0;3886.67;27.61;25956.0;60217.0
Piso;69.0;1;1;4.0;Reformado;1975.0;3396.94;22.37;28233.0;69670.0
Piso;72.0;3;2;0.0;Reformado;2200.0;3441.98;25.93;25275.0;56281.0
Dúplex;81.0;2;2;0.0;Reformado;2000.0;3886.67;27.61;25956.0;60217.0
Apartamento;60.0;1;1;2.0;En buen estado;750.0;1125.0;11.35;13080.0;36502.0
Piso;111.0;2;2;1.0;En buen estado;3400.0;2787.63;26.98;19199.0;38360.0
Piso;334.0;4;5;1.0;Reformado;6500.0;3886.67;27.61;25956.0;60217.0
Ático;110.0;3;2;8.0;Reformado;3300.0;1950.7;21.77;17026.0;39991.0
Ático;130.0;1;1;8.0;Reformado;3150.0;3886.67;27.61;25956.0;60217.0
Piso;110.0;3;2;0.0;Reformado;2200.0;1677.38;22.02;20103.0;46699.0
Apartamento;76.0;1;1;4.0;En buen estado;2000.0;3396.94;22.37;28233.0;69670.0
Chalet;180.0;4;3;0.0;En buen estado;1600.0;997.0;11.69;10251.0;30961.0
Piso;152.0;3;3;3.0;En buen estado;2800.0;3886.67;27.61;25956.0;60217.0
Piso;62.0;2;2;5.0;Reformado;3100.0;3886.67;27.61;25956.0;60217.0
Piso;95.0;1;2;7.0;En buen estado;2500.0;3396.94;22.37;28233.0;69670.0
Piso;106.0;1;2;8.0;A estrenar;4500.0;3441.98;25.93;25275.0;56281.0
Piso;84.0;1;1;4.0;A estrenar;2000.0;3396.94;22.37;28233.0;69670.0
Piso;129.0;2;2;4.0;En buen estado;3950.0;3441.98;25.93;25275.0;56281.0
Ático;80.0;1;1;4.0;En buen estado;1900.0;2787.63;26.98;19199.0;38360.0
Piso;200.0;2;3;2.0;En buen estado;5000.0;3886.67;27.61;25956.0;60217.0
Piso;218.0;2;2;7.0;Reformado;5800.0;3396.94;22.37;28233.0;69670.0
Piso;110.0;2;2;4.0;A estrenar;3650.0;2787.63;26.98;19199.0;38360.0
Dúplex;95.0;1;2;1.0;En buen estado;2450.0;3441.98;25.93;25275.0;56281.0
Piso;95.0;2;1;1.0;Reformado;1800.0;2506.52;22.52;23925.0;57448.0
Piso;130.0;2;2;10.0;En buen estado;2200.0;3396.94;22.37;28233.0;69670.0
Piso;95.0;2;2;3.0;A estrenar;3350.0;2787.63;26.98;19199.0;38360.0
Piso;65.0;2;2;3.0;Reformado;2100.0;2787.63;26.98;19199.0;38360.0
Piso;155.0;4;2;4.0;En buen estado;2390.0;2545.3;20.32;24659.0;63205.0
Ático;264.0;3;3;9.0;En buen estado;6500.0;3886.67;27.61;25956.0;60217.0
Piso;138.0;3;3;2.0;En buen estado;3900.0;2787.63;26.98;19199.0;38360.0
Piso;160.0;4;3;2.0;En buen estado;4400.0;4039.88;19.27;27167.0;86403.0
Ático;100.0;2;2;6.0;Reformado;1975.0;3396.94;22.37;28233.0;69670.0
Piso;260.0;4;4;4.0;Reformado;6000.0;3396.94;22.37;28233.0;69670.0
Ático;220.0;2;3;5.0;Reformado;4800.0;2787.63;26.98;19199.0;38360.0
Piso;247.0;3;4;2.0;Reformado;4500.0;3886.67;27.61;25956.0;60217.0
Piso;100.0;2;2;0.0;En buen estado;2200.0;2506.52;22.52;23925.0;57448.0
Ático;133.0;2;2;5.0;A estrenar;5550.0;2787.63;26.98;19199.0;38360.0
Piso;67.0;1;1;6.0;Reformado;1900.0;3886.67;27.61;25956.0;60217.0
Piso;107.0;2;2;2.0;En buen estado;1400.0;1146.0;12.3;13809.0;37487.0
Apartamento;50.0;1;1;0.0;A estrenar;1850.0;2787.63;26.98;19199.0;38360.0
Ático;82.0;1;1;6.0;En buen estado;2675.0;2787.63;26.98;19199.0;38360.0
Ático;182.0;2;2;2.0;A estrenar;6500.0;2787.63;26.98;19199.0;38360.0
Dúplex;90.0;1;1;1.0;En buen estado;1375.0;1278.57;16.42;15115.0;39321.0
Apartamento;100.0;2;2;4.0;A estrenar;3200.0;2787.63;26.98;19199.0;38360.0
Piso;68.0;1;1;2.0;En buen estado;700.0;1275.83;10.49;15757.0;46101.0
Ático;65.0;2;1;4.0;A estrenar;2660.0;2787.63;26.98;19199.0;38360.0
Piso;42.0;1;1;2.0;En buen estado;1100.0;3441.98;25.93;25275.0;56281.0
Ático;85.0;1;1;6.0;En buen estado;2850.0;2787.63;26.98;19199.0;38360.0
Piso;136.0;4;2;3.0;En buen estado;1000.0;2787.63;26.98;19199.0;38360.0
Piso;94.0;1;2;2.0;A estrenar;3100.0;3441.98;25.93;25275.0;56281.0
Apartamento;63.0;1;1;3.0;En buen estado;900.0;1119.5;15.28;13605.0;35278.0
Piso;117.0;2;2;1.0;En buen estado;3700.0;3441.98;25.93;25275.0;56281.0
Apartamento;57.0;1;1;1.0;Reformado;2550.0;3441.98;25.93;25275.0;56281.0
Ático;70.0;1;1;15.0;Reformado;1750.0;1950.7;21.77;17026.0;39991.0
Apartamento;45.0;1;1;2.0;A estrenar;2250.0;2787.63;26.98;19199.0;38360.0
Dúplex;120.0;2;3;2.0;En buen estado;3600.0;4039.88;19.27;27167.0;86403.0
Chalet;295.0;6;4;0.0;Reformado;6500.0;3396.94;22.37;28233.0;69670.0
Casa pareada;475.0;6;5;0.0;En buen estado;4400.0;2561.81;12.41;21254.0;65428.0
Piso;76.0;1;1;6.0;En buen estado;1800.0;3396.94;22.37;28233.0;69670.0
Piso;95.0;2;2;4.0;En buen estado;2300.0;3396.94;22.37;28233.0;69670.0
Piso;85.0;2;2;4.0;A estrenar;3300.0;2787.63;26.98;19199.0;38360.0
Loft;75.0;1;1;2.0;En buen estado;850.0;974.29;14.69;13993.0;36837.0
Piso;125.0;2;1;3.0;En buen estado;2499.0;2787.63;26.98;19199.0;38360.0
Piso;60.0;1;1;5.0;En buen estado;2600.0;2787.63;26.98;19199.0;38360.0
Piso;83.0;2;2;6.0;A estrenar;2200.0;3396.94;22.37;28233.0;69670.0
Piso;68.0;2;1;1.0;En buen estado;1300.0;2545.3;20.32;24659.0;63205.0
Casa adosada;101.0;3;2;0.0;En buen estado;1650.0;1366.67;12.23;15275.0;48247.0
Piso;200.0;3;4;7.0;En buen estado;6500.0;3441.98;25.93;25275.0;56281.0
Casa adosada;150.0;3;3;0.0;En buen estado;1150.0;1150.0;7.67;12050.0;29770.0
Piso;63.0;1;2;2.0;En buen estado;1900.0;3886.67;27.61;25956.0;60217.0
Piso;70.0;2;1;2.0;A estrenar;1500.0;3396.94;22.37;28233.0;69670.0
Piso;95.0;2;2;5.0;A estrenar;3070.0;2787.63;26.98;19199.0;38360.0
Piso;129.0;2;2;2.0;Reformado;2400.0;2545.3;20.32;24659.0;63205.0
Piso;309.0;4;3;6.0;A estrenar;6250.0;3441.98;25.93;25275.0;56281.0
Dúplex;270.0;5;4;2.0;En buen estado;3700.0;3886.67;27.61;25956.0;60217.0
Piso;91.0;1;1;2.0;En buen estado;2200.0;3886.67;27.61;25956.0;60217.0
Piso;70.0;2;1;2.0;En buen estado;2995.0;3886.67;27.61;25956.0;60217.0
Piso;125.0;3;2;4.0;En buen estado;2000.0;3396.94;22.37;28233.0;69670.0
Piso;123.0;3;2;2.0;En buen estado;1750.0;3328.25;14.16;21248.0;66390.0
Piso;200.0;2;2;2.0;En buen estado;2500.0;4039.88;19.27;27167.0;86403.0
Apartamento;60.0;1;1;4.0;A estrenar;2475.0;2787.63;26.98;19199.0;38360.0
Ático;54.0;1;1;3.0;En buen estado;1380.0;4039.88;19.27;27167.0;86403.0
Apartamento;55.0;1;1;3.0;En buen estado;2080.0;2787.63;26.98;19199.0;38360.0
Piso;57.0;1;1;4.0;A estrenar;2700.0;2787.63;26.98;19199.0;38360.0
Piso;95.0;3;2;3.0;En buen estado;1250.0;3490.0;11.43;16370.999999999998;45647.0
Piso;224.0;4;3;2.0;En buen estado;2950.0;4039.88;19.27;27167.0;86403.0
Piso;80.0;3;2;4.0;En buen estado;1225.0;1026.88;11.43;13327.0;39791.0
Apartamento;60.0;1;1;2.0;En buen estado;750.0;750.0;12.5;14043.0;37099.0
Piso;132.0;2;2;6.0;A estrenar;4100.0;3441.98;25.93;25275.0;56281.0
Casa adosada;238.0;4;4;0.0;En buen estado;2500.0;4039.88;19.27;27167.0;86403.0
Piso;79.0;2;1;3.0;En buen estado;1150.0;1278.57;16.42;15115.0;39321.0
Piso;81.0;1;1;2.0;En buen estado;1800.0;3396.94;22.37;28233.0;69670.0
Dúplex;90.0;3;2;2.0;En buen estado;1050.0;1362.06;13.71;14996.0;43503.0
Piso;50.0;2;1;2.0;En buen estado;1390.0;2787.63;26.98;19199.0;38360.0
Piso;40.0;1;1;2.0;En buen estado;1200.0;3441.98;25.93;25275.0;56281.0
Piso;50.0;1;1;0.0;En buen estado;750.0;2787.63;26.98;19199.0;38360.0
Piso;110.0;4;2;1.0;En buen estado;850.0;870.83;11.27;13809.0;37487.0
Piso;86.0;3;2;2.0;A estrenar;2100.0;3886.67;27.61;25956.0;60217.0
Piso;105.0;2;2;2.0;En buen estado;2500.0;3396.94;22.37;28233.0;69670.0
Apartamento;50.0;1;1;0.0;En buen estado;950.0;2453.57;10.8;19257.0;58788.0
Piso;69.0;1;1;2.0;En buen estado;1400.0;2787.63;26.98;19199.0;38360.0
Piso;264.0;4;4;3.0;Reformado;6000.0;3886.67;27.61;25956.0;60217.0
Piso;113.0;2;2;2.0;En buen estado;1529.0;4411.73;10.35;23169.0;76685.0
Piso;106.0;3;3;2.0;A estrenar;4700.0;3886.67;27.61;25956.0;60217.0
Piso;330.0;6;4;5.0;En buen estado;5500.0;3396.94;22.37;28233.0;69670.0
Loft;200.0;4;4;2.0;En buen estado;3000.0;3490.0;11.43;16370.999999999998;45647.0
Chalet;900.0;8;10;0.0;En buen estado;6500.0;2561.81;12.41;21254.0;65428.0
Piso;48.0;1;1;2.0;A estrenar;1850.0;3886.67;27.61;25956.0;60217.0
Piso;173.0;2;3;2.0;En buen estado;5000.0;3396.94;22.37;28233.0;69670.0
Piso;91.0;1;2;6.0;En buen estado;3300.0;3441.98;25.93;25275.0;56281.0
Piso;129.0;2;2;2.0;En buen estado;3850.0;3441.98;25.93;25275.0;56281.0
Piso;158.0;4;3;4.0;En buen estado;6800.0;3886.67;27.61;25956.0;60217.0
Casa adosada;240.0;4;4;0.0;En buen estado;3900.0;4039.88;19.27;27167.0;86403.0
Casa;311.0;4;3;0.0;En buen estado;3200.0;4411.73;10.35;23169.0;76685.0
Piso;153.0;3;3;1.0;En buen estado;3950.0;2787.63;26.98;19199.0;38360.0
Piso;80.0;2;2;4.0;En buen estado;945.0;1026.88;11.43;13327.0;39791.0
Piso;95.0;2;1;1.0;En buen estado;865.0;967.5;9.03;16160.0;47715.0
Casa unifamiliar;550.0;5;3;0.0;En buen estado;4000.0;4039.88;19.27;27167.0;86403.0
Dúplex;200.0;3;3;2.0;En buen estado;4990.0;3886.67;27.61;25956.0;60217.0
Piso;75.0;2;2;2.0;En buen estado;1115.0;1262.0;13.84;16184.000000000002;48274.0
Piso;120.0;2;2;5.0;En buen estado;1245.0;1026.88;11.43;13327.0;39791.0
Piso;140.0;2;2;1.0;En buen estado;3800.0;2787.63;26.98;19199.0;38360.0
Casa adosada;590.0;5;3;0.0;En buen estado;4000.0;4039.88;19.27;27167.0;86403.0
Piso;90.0;1;2;4.0;En buen estado;3200.0;3441.98;25.93;25275.0;56281.0
Piso;141.0;2;3;2.0;En buen estado;3600.0;2787.63;26.98;19199.0;38360.0
Piso;95.0;3;1;2.0;En buen estado;790.0;914.06;11.78;11788.0;34016.0
Piso;84.0;1;1;1.0;En buen estado;2800.0;2787.63;26.98;19199.0;38360.0
Piso;56.0;1;1;2.0;En buen estado;1150.0;2787.63;26.98;19199.0;38360.0
Piso;49.0;1;1;2.0;En buen estado;850.0;2545.3;20.32;24659.0;63205.0
Piso;58.0;3;1;4.0;En buen estado;750.0;914.06;11.78;11788.0;34016.0
Apartamento;46.0;1;1;5.0;En buen estado;890.0;1278.57;16.42;15115.0;39321.0
Chalet;900.0;8;10;0.0;En buen estado;6500.0;2561.81;12.41;21254.0;65428.0
Piso;61.0;2;2;2.0;En buen estado;1800.0;3441.98;25.93;25275.0;56281.0
Casa adosada;222.0;5;4;0.0;En buen estado;1700.0;1175.0;11.13;13809.0;37487.0
Apartamento;50.0;1;1;2.0;En buen estado;1500.0;2787.63;26.98;19199.0;38360.0
Piso;95.0;2;1;0.0;En buen estado;975.0;967.5;9.03;16160.0;47715.0
Piso;300.0;4;4;1.0;En buen estado;5000.0;2787.63;26.98;19199.0;38360.0
Piso;140.0;2;2;1.0;En buen estado;3450.0;2787.63;26.98;19199.0;38360.0
Casa;40.0;1;1;0.0;En buen estado;700.0;2453.57;10.8;19257.0;58788.0
Piso;78.0;2;2;5.0;En buen estado;957.0;983.32;16.24;11059.0;30673.0
Piso;71.0;2;1;2.0;En buen estado;1800.0;3441.98;25.93;25275.0;56281.0
Piso;160.0;3;2;2.0;En buen estado;2990.0;1950.7;21.77;17026.0;39991.0
Piso;214.0;5;3;2.0;En buen estado;3500.0;1950.7;21.77;17026.0;39991.0
Piso;55.0;1;1;2.0;A reformar;1100.0;1950.7;21.77;17026.0;39991.0
Piso;65.0;2;1;1.0;En buen estado;1150.0;2561.81;12.41;21254.0;65428.0
Piso;103.0;3;2;10.0;En buen estado;1650.0;1916.11;16.14;16890.0;41311.0
Piso;40.0;1;1;1.0;En buen estado;1050.0;1156.2;17.03;13719.0;33790.0
Piso;57.0;1;1;2.0;En buen estado;1650.0;3441.98;25.93;25275.0;56281.0
Casa;50.0;1;1;0.0;En buen estado;700.0;2453.57;10.8;19257.0;58788.0
Piso;132.0;3;2;2.0;En buen estado;4750.0;2787.63;26.98;19199.0;38360.0
Loft;80.0;1;1;0.0;En buen estado;775.0;1075.0;8.5;13416.0;38662.0
Piso;297.0;5;5;1.0;En buen estado;5300.0;3396.94;22.37;28233.0;69670.0
Piso;187.0;3;3;2.0;En buen estado;6750.0;3441.98;25.93;25275.0;56281.0
Piso;191.0;4;3;2.0;En buen estado;3500.0;3886.67;27.61;25956.0;60217.0
Piso;140.0;4;3;2.0;En buen estado;2300.0;2506.52;22.52;23925.0;57448.0
Piso;100.0;2;3;2.0;A estrenar;2900.0;3886.67;27.61;25956.0;60217.0
Piso;333.0;5;5;3.0;En buen estado;6500.0;3886.67;27.61;25956.0;60217.0
Piso;108.0;2;2;3.0;En buen estado;2700.0;3886.67;27.61;25956.0;60217.0
Piso;45.0;1;1;4.0;En buen estado;1500.0;2787.63;26.98;19199.0;38360.0
Piso;110.0;3;2;1.0;En buen estado;1300.0;974.29;14.69;13993.0;36837.0
Piso;70.0;2;1;2.0;En buen estado;950.0;2890.45;16.94;20500.0;54316.0
Piso;120.0;2;2;5.0;En buen estado;1270.0;1026.88;11.43;13327.0;39791.0
Piso;88.0;3;1;3.0;En buen estado;860.0;914.06;11.78;11788.0;34016.0
Piso;141.0;2;3;2.0;En buen estado;3600.0;2787.63;26.98;19199.0;38360.0
Piso;200.0;4;3;2.0;En buen estado;4200.0;3396.94;22.37;28233.0;69670.0
Piso;102.0;1;1;4.0;En buen estado;1550.0;2787.63;26.98;19199.0;38360.0
Dúplex;95.0;2;3;4.0;En buen estado;4300.0;3396.94;22.37;28233.0;69670.0
Piso;90.0;4;2;6.0;En buen estado;850.0;1175.0;8.29;13809.0;37487.0
Piso;80.0;2;2;3.0;En buen estado;960.0;1026.88;11.43;13327.0;39791.0
Piso;419.0;6;4;2.0;Reformado;5200.0;3396.94;22.37;28233.0;69670.0
Piso;85.0;2;1;1.0;En buen estado;1400.0;1950.7;21.77;17026.0;39991.0
Piso;87.0;2;1;3.0;En buen estado;1000.0;1023.96;15.46;12275.0;32050.0
Piso;75.0;3;1;3.0;En buen estado;990.0;2535.85;14.31;20671.0;55125.0
Piso;100.0;2;2;6.0;En buen estado;2600.0;3886.67;27.61;25956.0;60217.0
Piso;208.0;5;4;2.0;En buen estado;3400.0;3441.98;25.93;25275.0;56281.0
Piso;80.0;3;1;5.0;En buen estado;990.0;1156.2;17.03;13719.0;33790.0
Piso;118.0;3;1;2.0;En buen estado;2800.0;2787.63;26.98;19199.0;38360.0
Piso;70.0;3;1;2.0;En buen estado;975.0;983.32;16.24;11059.0;30673.0
Casa adosada;295.0;3;3;0.0;En buen estado;4500.0;4039.88;19.27;27167.0;86403.0
Casa adosada;228.0;4;4;0.0;A reformar;1900.0;3490.0;11.43;16370.999999999998;45647.0
Piso;120.0;3;2;2.0;En buen estado;2400.0;3396.94;22.37;28233.0;69670.0
Piso;76.0;2;2;2.0;En buen estado;2500.0;2787.63;26.98;19199.0;38360.0
Apartamento;54.0;1;1;2.0;En buen estado;2000.0;3441.98;25.93;25275.0;56281.0
Piso;92.0;2;1;2.0;En buen estado;1400.0;1950.7;21.77;17026.0;39991.0
Piso;67.0;2;2;5.0;En buen estado;1400.0;1677.38;22.02;20103.0;46699.0
Ático;172.0;3;3;6.0;En buen estado;3900.0;3396.94;22.37;28233.0;69670.0
Casa adosada;165.0;3;3;0.0;En buen estado;2900.0;1278.57;16.42;15115.0;39321.0
Piso;120.0;4;2;2.0;En buen estado;1800.0;1677.38;22.02;20103.0;46699.0
Piso;147.0;3;2;2.0;En buen estado;2500.0;1950.7;21.77;17026.0;39991.0
Piso;75.0;2;1;2.0;En buen estado;2200.0;2787.63;26.98;19199.0;38360.0
Piso;191.0;3;3;2.0;En buen estado;6500.0;3441.98;25.93;25275.0;56281.0
Piso;95.0;2;1;1.0;En buen estado;1800.0;2506.52;22.52;23925.0;57448.0
Piso;72.0;1;2;2.0;En buen estado;1800.0;2787.63;26.98;19199.0;38360.0
Piso;150.0;4;3;2.0;En buen estado;2700.0;2545.3;20.32;24659.0;63205.0
Piso;100.0;2;2;2.0;En buen estado;1400.0;2506.52;22.52;23925.0;57448.0
Piso;140.0;4;3;1.0;En buen estado;3100.0;3886.67;27.61;25956.0;60217.0
Apartamento;50.0;1;1;4.0;En buen estado;3200.0;3886.67;27.61;25956.0;60217.0
Piso;109.0;4;2;2.0;En buen estado;1165.0;1043.64;13.12;12566.0;34529.0
Piso;95.0;3;2;2.0;En buen estado;1800.0;2506.52;22.52;23925.0;57448.0
Piso;74.0;1;1;2.0;En buen estado;1150.0;1023.96;15.46;12275.0;32050.0
Ático;65.0;1;2;2.0;En buen estado;2500.0;3441.98;25.93;25275.0;56281.0
Piso;100.0;3;2;2.0;Reformado;1300.0;1024.26;16.55;10941.0;28681.0
Casa adosada;140.0;2;2;0.0;En buen estado;1800.0;2453.57;10.8;19257.0;58788.0
Piso;81.0;2;2;6.0;En buen estado;2200.0;3441.98;25.93;25275.0;56281.0
Piso;270.0;4;3;2.0;En buen estado;3900.0;2545.3;20.32;24659.0;63205.0
Piso;105.0;2;2;2.0;En buen estado;2500.0;3396.94;22.37;28233.0;69670.0
Piso;68.0;2;1;3.0;En buen estado;1650.0;3441.98;25.93;25275.0;56281.0
Casa adosada;200.0;4;3;0.0;En buen estado;1750.0;2216.67;9.1;15892.0;47630.0
Piso;44.0;1;1;2.0;En buen estado;1400.0;2545.3;20.32;24659.0;63205.0
Piso;75.0;2;2;6.0;En buen estado;1115.0;1262.0;13.84;16184.000000000002;48274.0
Piso;63.0;1;1;2.0;En buen estado;1400.0;2787.63;26.98;19199.0;38360.0
Piso;75.0;2;1;1.0;En buen estado;750.0;966.56;13.31;12745.0;36317.0
Dúplex;200.0;4;4;2.0;En buen estado;2450.0;2545.3;20.32;24659.0;63205.0
Piso;137.0;2;2;2.0;En buen estado;3800.0;2787.63;26.98;19199.0;38360.0
Piso;85.0;2;2;6.0;En buen estado;1235.0;1285.7;14.05;13849.0;37141.0
Piso;146.0;3;2;5.0;En buen estado;2000.0;2506.52;22.52;23925.0;57448.0
Ático;135.0;1;1;2.0;En buen estado;2500.0;3396.94;22.37;28233.0;69670.0
Piso;102.0;2;1;5.0;En buen estado;970.0;967.5;9.03;16160.0;47715.0
Piso;63.0;1;1;2.0;En buen estado;650.0;650.0;10.32;12685.0;34277.0
Piso;160.0;4;2;2.0;Reformado;2900.0;1950.7;21.77;17026.0;39991.0
Piso;94.0;3;1;6.0;En buen estado;1200.0;1916.11;16.14;16890.0;41311.0
Piso;85.0;2;2;2.0;En buen estado;995.0;914.06;11.78;11788.0;34016.0
Piso;85.0;2;1;2.0;En buen estado;1900.0;3396.94;22.37;28233.0;69670.0
Ático;130.0;2;1;2.0;A estrenar;1850.0;3396.94;22.37;28233.0;69670.0
Piso;50.0;2;1;2.0;En buen estado;850.0;1003.85;15.73;14205.0;36962.0
Piso;129.0;2;3;2.0;En buen estado;4300.0;3886.67;27.61;25956.0;60217.0
Dúplex;94.0;2;2;2.0;En buen estado;850.0;980.0;10.99;11588.0;32406.0
Piso;79.0;2;2;2.0;En buen estado;2200.0;2787.63;26.98;19199.0;38360.0
Piso;64.0;1;1;7.0;En buen estado;2200.0;2506.52;22.52;23925.0;57448.0
Apartamento;50.0;1;1;5.0;En buen estado;2000.0;3396.94;22.37;28233.0;69670.0
Apartamento;129.0;3;2;1.0;En buen estado;2500.0;3441.98;25.93;25275.0;56281.0
Piso;85.0;2;2;4.0;En buen estado;1215.0;1285.7;14.05;13849.0;37141.0
Piso;95.0;3;1;2.0;En buen estado;795.0;914.06;11.78;11788.0;34016.0
Piso;70.0;3;2;1.0;En buen estado;1090.0;1156.2;17.03;13719.0;33790.0
Piso;50.0;2;1;2.0;En buen estado;2100.0;3396.94;22.37;28233.0;69670.0
Piso;80.0;2;1;1.0;En buen estado;1190.0;3490.0;11.43;16370.999999999998;45647.0
Piso;157.0;3;2;5.0;En buen estado;2600.0;3441.98;25.93;25275.0;56281.0
Piso;100.0;3;2;1.0;En buen estado;995.0;1362.06;13.71;14996.0;43503.0
Piso;171.0;2;3;2.0;En buen estado;3400.0;4039.88;19.27;27167.0;86403.0
Piso;125.0;2;2;2.0;En buen estado;1380.0;4039.88;19.27;27167.0;86403.0
Piso;86.0;2;1;2.0;En buen estado;1900.0;2787.63;26.98;19199.0;38360.0
Apartamento;100.0;2;1;1.0;En buen estado;2500.0;2787.63;26.98;19199.0;38360.0
Piso;100.0;3;2;2.0;En buen estado;1700.0;1950.7;21.77;17026.0;39991.0
Piso;200.0;4;3;2.0;En buen estado;3250.0;2545.3;20.32;24659.0;63205.0
Piso;115.0;3;2;7.0;En buen estado;1725.0;1916.11;16.14;16890.0;41311.0
Ático;230.0;3;3;5.0;En buen estado;3100.0;2890.45;16.94;20500.0;54316.0
Ático;210.0;3;2;2.0;En buen estado;2450.0;1366.67;14.13;19482.0;51400.0
Piso;56.0;3;1;2.0;En buen estado;960.0;1278.57;16.42;15115.0;39321.0
Piso;270.0;4;4;7.0;En buen estado;4500.0;3396.94;22.37;28233.0;69670.0
Ático;60.0;1;1;5.0;A estrenar;1550.0;3396.94;22.37;28233.0;69670.0
Piso;90.0;3;1;11.0;En buen estado;1075.0;1173.33;13.43;15667.0;38421.0
Piso;89.0;2;2;5.0;En buen estado;2200.0;2787.63;26.98;19199.0;38360.0
Ático;180.0;3;2;0.0;En buen estado;2750.0;1916.11;16.14;16890.0;41311.0
Piso;98.0;2;2;2.0;En buen estado;4620.0;3886.67;27.61;25956.0;60217.0
Dúplex;270.0;3;3;4.0;En buen estado;2950.0;3328.25;14.16;21248.0;66390.0
Piso;60.0;2;1;2.0;En buen estado;860.0;1285.7;14.05;13849.0;37141.0
Apartamento;81.0;2;2;1.0;En buen estado;1800.0;2787.63;26.98;19199.0;38360.0
Piso;136.0;3;2;2.0;En buen estado;2300.0;1023.96;15.46;12275.0;32050.0
Piso;100.0;3;2;8.0;A estrenar;1190.0;1285.7;14.05;13849.0;37141.0
Piso;48.0;1;1;6.0;En buen estado;990.0;2506.52;22.52;23925.0;57448.0
Piso;65.0;1;1;2.0;En buen estado;1400.0;2787.63;26.98;19199.0;38360.0
Piso;269.0;4;3;1.0;En buen estado;3100.0;1916.11;16.14;16890.0;41311.0
Piso;64.0;1;1;2.0;En buen estado;1400.0;2787.63;26.98;19199.0;38360.0
Piso;50.0;1;1;2.0;A estrenar;1700.0;2787.63;26.98;19199.0;38360.0
Dúplex;270.0;3;3;2.0;En buen estado;2950.0;3328.25;14.16;21248.0;66390.0
Piso;70.0;2;2;2.0;En buen estado;1500.0;2890.45;16.94;20500.0;54316.0
Piso;84.0;3;1;2.0;En buen estado;800.0;914.06;11.78;11788.0;34016.0
Piso;80.0;2;1;3.0;En buen estado;975.0;1262.0;13.84;16184.000000000002;48274.0
Apartamento;70.0;1;1;2.0;En buen estado;1700.0;2787.63;26.98;19199.0;38360.0
Piso;75.0;2;1;2.0;En buen estado;1400.0;2535.85;14.31;20671.0;55125.0
Piso;50.0;1;1;6.0;En buen estado;770.0;983.32;16.24;11059.0;30673.0
Piso;75.0;1;1;1.0;En buen estado;2700.0;2787.63;26.98;19199.0;38360.0
Piso;72.0;2;1;2.0;En buen estado;915.0;1043.64;13.12;12566.0;34529.0
Ático;191.0;3;3;2.0;En buen estado;6750.0;3441.98;25.93;25275.0;56281.0
Piso;87.0;2;1;2.0;Reformado;2500.0;3396.94;22.37;28233.0;69670.0
Piso;90.0;2;1;7.0;En buen estado;900.0;2787.63;26.98;19199.0;38360.0
Ático;105.0;2;3;7.0;En buen estado;3500.0;3441.98;25.93;25275.0;56281.0
Piso;52.0;1;1;2.0;A estrenar;1300.0;1731.0;18.55;18512.0;63085.0
Piso;96.0;1;1;2.0;Reformado;1600.0;3396.94;22.37;28233.0;69670.0
Piso;60.0;2;1;3.0;En buen estado;1150.0;2506.52;22.52;23925.0;57448.0
Piso;47.0;1;1;2.0;En buen estado;1150.0;1677.38;22.02;20103.0;46699.0
Ático;100.0;2;1;2.0;En buen estado;4500.0;3886.67;27.61;25956.0;60217.0
Piso;105.0;2;1;2.0;En buen estado;840.0;967.5;9.03;16160.0;47715.0
Piso;60.0;3;1;4.0;En buen estado;950.0;1278.57;16.42;15115.0;39321.0
Piso;108.0;2;2;3.0;En buen estado;1200.0;2528.57;16.28;19394.0;57962.0
Piso;100.0;3;2;2.0;En buen estado;1400.0;1621.88;11.7;20477.0;59299.0
Piso;65.0;1;1;1.0;En buen estado;1500.0;3396.94;22.37;28233.0;69670.0
Chalet;290.0;4;2;0.0;En buen estado;2000.0;2561.81;12.41;21254.0;65428.0
Piso;109.0;4;2;2.0;En buen estado;2500.0;1156.2;17.03;13719.0;33790.0
Piso;125.0;2;2;7.0;En buen estado;1640.0;1285.7;14.05;13849.0;37141.0
Ático;235.0;4;3;3.0;En buen estado;5000.0;4462.56;19.35;19394.0;57962.0
Piso;90.0;2;2;2.0;En buen estado;2000.0;2787.63;26.98;19199.0;38360.0
Piso;152.0;3;2;7.0;En buen estado;4000.0;1950.7;21.77;17026.0;39991.0
Piso;70.0;3;1;2.0;En buen estado;880.0;914.06;11.78;11788.0;34016.0
Piso;45.0;1;1;2.0;A estrenar;600.0;708.75;8.34;12779.0;35897.0
Piso;60.0;2;1;1.0;En buen estado;895.0;2535.85;14.31;20671.0;55125.0
Ático;70.0;2;1;6.0;En buen estado;1650.0;3886.67;27.61;25956.0;60217.0
Apartamento;79.0;2;1;1.0;En buen estado;1400.0;1156.2;17.03;13719.0;33790.0
Piso;67.0;2;1;2.0;En buen estado;1400.0;1156.2;17.03;13719.0;33790.0
Piso;69.0;2;1;4.0;En buen estado;1550.0;2506.52;22.52;23925.0;57448.0
Piso;85.0;2;2;2.0;En buen estado;3000.0;2787.63;26.98;19199.0;38360.0
Piso;69.0;1;1;15.0;En buen estado;1300.0;3396.94;22.37;28233.0;69670.0
Piso;70.0;2;1;2.0;En buen estado;990.0;1156.2;17.03;13719.0;33790.0
Piso;75.0;2;2;2.0;En buen estado;3400.0;2787.63;26.98;19199.0;38360.0
Piso;40.0;1;1;4.0;En buen estado;850.0;1916.11;16.14;16890.0;41311.0
Piso;70.0;2;1;1.0;En buen estado;890.0;1275.83;10.49;15757.0;46101.0
Piso;147.0;4;3;1.0;En buen estado;2200.0;2535.85;14.31;20671.0;55125.0
Piso;133.0;3;2;2.0;En buen estado;3200.0;2787.63;26.98;19199.0;38360.0
Ático;127.0;2;2;9.0;En buen estado;5000.0;2787.63;26.98;19199.0;38360.0
Piso;122.0;2;2;2.0;En buen estado;4000.0;2787.63;26.98;19199.0;38360.0
Piso;83.0;2;2;2.0;En buen estado;1900.0;3396.94;22.37;28233.0;69670.0
Piso;159.0;4;2;2.0;En buen estado;4800.0;2787.63;26.98;19199.0;38360.0
Piso;244.0;5;4;2.0;A reformar;5000.0;3396.94;22.37;28233.0;69670.0
Piso;45.0;1;1;2.0;En buen estado;850.0;1023.96;15.46;12275.0;32050.0
Piso;68.0;1;1;2.0;En buen estado;4290.0;3886.67;27.61;25956.0;60217.0
Piso;84.0;2;2;2.0;En buen estado;2750.0;2787.63;26.98;19199.0;38360.0
Casa adosada;177.0;4;4;0.0;En buen estado;650.0;650.0;3.67;11097.0;32321.0
Piso;85.0;2;1;4.0;En buen estado;1400.0;1156.2;17.03;13719.0;33790.0
Piso;77.0;2;2;2.0;En buen estado;2500.0;3886.67;27.61;25956.0;60217.0
Piso;55.0;1;1;2.0;A estrenar;1100.0;2535.85;14.31;20671.0;55125.0
Piso;290.0;4;3;2.0;En buen estado;3000.0;2535.85;14.31;20671.0;55125.0
Piso;50.0;1;1;2.0;En buen estado;1130.0;1916.11;16.14;16890.0;41311.0
Piso;61.0;3;1;4.0;En buen estado;990.0;1024.26;16.55;10941.0;28681.0
Apartamento;50.0;1;1;2.0;En buen estado;1500.0;2545.3;20.32;24659.0;63205.0
Piso;130.0;2;2;2.0;Reformado;2500.0;3886.67;27.61;25956.0;60217.0
Piso;80.0;2;2;2.0;En buen estado;1680.0;1003.85;15.73;14205.0;36962.0
Ático;118.0;2;2;7.0;En buen estado;1450.0;2535.85;14.31;20671.0;55125.0
Piso;250.0;2;2;2.0;A estrenar;4500.0;1950.7;21.77;17026.0;39991.0
Piso;46.0;1;1;2.0;A estrenar;1355.0;4039.88;19.27;27167.0;86403.0
Piso;75.0;3;1;3.0;En buen estado;1190.0;1278.57;16.42;15115.0;39321.0
Piso;241.0;6;3;1.0;En buen estado;1250.0;1020.0;5.5;12527.0;33904.0
Piso;100.0;2;2;2.0;En buen estado;2200.0;1677.38;22.02;20103.0;46699.0
Piso;86.0;2;2;4.0;En buen estado;2500.0;3396.94;22.37;28233.0;69670.0
Piso;180.0;2;2;2.0;Reformado;2800.0;2787.63;26.98;19199.0;38360.0
Apartamento;98.0;2;1;3.0;En buen estado;1200.0;1146.0;12.3;13809.0;37487.0
Piso;130.0;4;2;2.0;En buen estado;2500.0;2506.52;22.52;23925.0;57448.0
Casa pareada;286.0;4;4;0.0;En buen estado;4900.0;3396.94;22.37;28233.0;69670.0
Piso;71.0;2;2;3.0;A estrenar;950.0;966.56;13.31;12745.0;36317.0
Piso;160.0;3;2;2.0;En buen estado;6000.0;2787.63;26.98;19199.0;38360.0
Dúplex;150.0;4;3;2.0;En buen estado;2700.0;3328.25;14.16;21248.0;66390.0
Piso;79.0;2;2;2.0;A estrenar;2000.0;1677.38;22.02;20103.0;46699.0
Piso;55.0;3;1;2.0;En buen estado;1200.0;3886.67;27.61;25956.0;60217.0
Piso;46.0;2;1;1.0;En buen estado;880.0;1003.85;15.73;14205.0;36962.0
Piso;96.0;2;2;4.0;En buen estado;3000.0;3441.98;25.93;25275.0;56281.0
Piso;49.0;2;1;0.0;Reformado;850.0;1156.2;17.03;13719.0;33790.0
Piso;55.0;2;1;2.0;En buen estado;950.0;1278.57;16.42;15115.0;39321.0
Piso;125.0;3;2;2.0;En buen estado;1600.0;2535.85;14.31;20671.0;55125.0
Piso;140.0;4;3;2.0;En buen estado;3150.0;3396.94;22.37;28233.0;69670.0
Apartamento;230.0;5;3;2.0;En buen estado;3800.0;2535.85;14.31;20671.0;55125.0
Loft;50.0;1;1;3.0;En buen estado;900.0;1023.96;15.46;12275.0;32050.0
Apartamento;84.0;1;1;2.0;En buen estado;1700.0;2787.63;26.98;19199.0;38360.0
Piso;60.0;1;1;2.0;En buen estado;1200.0;2787.63;26.98;19199.0;38360.0
Piso;60.0;1;1;7.0;En buen estado;825.0;1119.5;15.28;13605.0;35278.0
Piso;172.0;4;3;2.0;En buen estado;4000.0;4462.56;19.35;19394.0;57962.0
Piso;70.0;2;1;1.0;En buen estado;1950.0;1950.7;21.77;17026.0;39991.0
Piso;50.0;2;1;3.0;En buen estado;850.0;1023.96;15.46;12275.0;32050.0
Piso;70.0;2;2;4.0;A estrenar;1290.0;1278.57;16.42;15115.0;39321.0
Dúplex;70.0;1;1;2.0;En buen estado;1500.0;1916.11;16.14;16890.0;41311.0
Piso;113.0;3;2;2.0;En buen estado;1900.0;1916.11;16.14;16890.0;41311.0
Piso;55.0;2;1;2.0;En buen estado;850.0;1916.11;16.14;16890.0;41311.0
Piso;50.0;2;1;2.0;En buen estado;825.0;1024.26;16.55;10941.0;28681.0
Apartamento;110.0;1;1;1.0;En buen estado;4500.0;3886.67;27.61;25956.0;60217.0
Piso;83.0;3;1;3.0;En buen estado;900.0;870.83;11.27;13809.0;37487.0
Piso;80.0;2;2;1.0;En buen estado;850.0;1146.0;12.3;13809.0;37487.0
Piso;75.0;3;1;4.0;En buen estado;910.0;1024.26;16.55;10941.0;28681.0
Piso;40.0;2;1;2.0;En buen estado;1500.0;3396.94;22.37;28233.0;69670.0
Piso;77.0;1;1;1.0;En buen estado;2800.0;2787.63;26.98;19199.0;38360.0
Ático;172.0;3;3;2.0;En buen estado;5500.0;2787.63;26.98;19199.0;38360.0
Piso;85.0;2;2;3.0;En buen estado;1495.0;2506.52;22.52;23925.0;57448.0
Loft;40.0;1;1;2.0;En buen estado;1170.0;3886.67;27.61;25956.0;60217.0
Piso;72.0;3;2;3.0;En buen estado;950.0;1043.64;13.12;12566.0;34529.0
Casa pareada;300.0;4;3;0.0;En buen estado;5400.0;1916.11;16.14;16890.0;41311.0
Piso;100.0;3;2;2.0;En buen estado;1850.0;2545.3;20.32;24659.0;63205.0
Piso;85.0;3;2;1.0;Reformado;1955.0;1731.0;18.55;18512.0;63085.0
Piso;224.0;3;2;2.0;En buen estado;4900.0;2787.63;26.98;19199.0;38360.0
Apartamento;44.0;1;1;2.0;En buen estado;1500.0;2787.63;26.98;19199.0;38360.0
Piso;273.0;3;3;2.0;A estrenar;4500.0;4039.88;19.27;27167.0;86403.0
Piso;320.0;5;5;2.0;En buen estado;6000.0;3396.94;22.37;28233.0;69670.0
Piso;176.0;2;3;2.0;En buen estado;2700.0;3886.67;27.61;25956.0;60217.0
Piso;140.0;4;3;2.0;En buen estado;3600.0;3886.67;27.61;25956.0;60217.0
Ático;60.0;2;1;6.0;En buen estado;890.0;983.32;16.24;11059.0;30673.0
Piso;90.0;2;2;5.0;En buen estado;1190.0;1278.57;16.42;15115.0;39321.0
Piso;84.0;1;1;3.0;En buen estado;2800.0;2787.63;26.98;19199.0;38360.0
Piso;173.0;2;3;2.0;En buen estado;4500.0;2787.63;26.98;19199.0;38360.0
Piso;54.0;2;1;3.0;En buen estado;890.0;983.32;16.24;11059.0;30673.0
Piso;72.0;1;1;2.0;En buen estado;1350.0;2545.3;20.32;24659.0;63205.0
Piso;237.0;5;3;2.0;En buen estado;3250.0;3441.98;25.93;25275.0;56281.0
Piso;140.0;2;2;1.0;En buen estado;3800.0;2787.63;26.98;19199.0;38360.0
Piso;58.0;2;2;2.0;En buen estado;1600.0;3396.94;22.37;28233.0;69670.0
Piso;120.0;3;2;4.0;En buen estado;1900.0;2890.45;16.94;20500.0;54316.0
Ático;67.0;2;1;6.0;En buen estado;2400.0;3441.98;25.93;25275.0;56281.0
Piso;80.0;2;1;1.0;En buen estado;880.0;1146.0;12.3;13809.0;37487.0
Apartamento;176.0;4;3;4.0;En buen estado;3800.0;3396.94;22.37;28233.0;69670.0
Piso;87.0;2;2;1.0;En buen estado;2000.0;2787.63;26.98;19199.0;38360.0
Piso;62.0;1;1;1.0;En buen estado;950.0;1278.57;16.42;15115.0;39321.0
Piso;77.0;1;2;2.0;En buen estado;2275.0;2787.63;26.98;19199.0;38360.0
Piso;46.0;1;1;2.0;A estrenar;1355.0;4039.88;19.27;27167.0;86403.0
Piso;58.0;1;1;1.0;En buen estado;1650.0;1677.38;22.02;20103.0;46699.0
Ático;232.0;4;4;3.0;En buen estado;5250.0;4462.56;19.35;19394.0;57962.0
Piso;65.0;2;1;2.0;En buen estado;830.0;983.32;16.24;11059.0;30673.0
Piso;68.0;3;1;4.0;En buen estado;900.0;997.0;11.69;10251.0;30961.0
Piso;80.0;1;1;13.0;En buen estado;2200.0;1950.7;21.77;17026.0;39991.0
Piso;111.0;3;3;1.0;En buen estado;1075.0;1023.96;15.46;12275.0;32050.0
Piso;51.0;1;1;2.0;A estrenar;950.0;1362.06;13.71;14996.0;43503.0
Piso;60.0;2;1;3.0;En buen estado;875.0;1278.57;16.42;15115.0;39321.0
Loft;40.0;1;1;2.0;En buen estado;800.0;1131.43;18.35;10797.0;30023.0
Piso;77.0;1;1;0.0;En buen estado;905.0;967.5;9.03;16160.0;47715.0
Casa pareada;247.0;4;3;0.0;En buen estado;3500.0;1278.57;16.42;15115.0;39321.0
Piso;66.0;3;1;3.0;En buen estado;970.0;1003.85;15.73;14205.0;36962.0
Piso;58.0;2;1;2.0;En buen estado;900.0;1024.26;16.55;10941.0;28681.0
Ático;150.0;4;3;2.0;En buen estado;1750.0;1362.06;13.71;14996.0;43503.0
Piso;60.0;3;1;3.0;En buen estado;1000.0;1156.2;17.03;13719.0;33790.0
Piso;90.0;3;2;1.0;En buen estado;1600.0;3441.98;25.93;25275.0;56281.0
Piso;60.0;1;1;2.0;En buen estado;650.0;870.83;11.27;13809.0;37487.0
Piso;70.0;3;1;3.0;En buen estado;675.0;914.06;11.78;11788.0;34016.0
Piso;80.0;3;1;2.0;En buen estado;700.0;870.83;11.27;13809.0;37487.0
Dúplex;80.0;2;2;2.0;En buen estado;1600.0;1950.7;21.77;17026.0;39991.0
Apartamento;65.0;2;2;5.0;En buen estado;3300.0;2545.3;20.32;24659.0;63205.0
Piso;60.0;2;1;2.0;En buen estado;890.0;1003.85;15.73;14205.0;36962.0
Dúplex;60.0;1;1;2.0;En buen estado;1300.0;1950.7;21.77;17026.0;39991.0
Piso;60.0;2;1;3.0;En buen estado;750.0;914.06;11.78;11788.0;34016.0
Piso;167.0;4;3;1.0;En buen estado;1465.0;3490.0;11.43;16370.999999999998;45647.0
Piso;70.0;2;2;2.0;A estrenar;1150.0;1362.06;13.71;14996.0;43503.0
Piso;240.0;4;4;6.0;A estrenar;4100.0;3396.94;22.37;28233.0;69670.0
Piso;163.0;4;2;2.0;Reformado;3500.0;3886.67;27.61;25956.0;60217.0
Piso;90.0;2;2;1.0;En buen estado;850.0;1362.06;13.71;14996.0;43503.0
Piso;50.0;1;1;2.0;En buen estado;1350.0;1677.38;22.02;20103.0;46699.0
Piso;78.0;3;1;2.0;En buen estado;1200.0;1023.96;15.46;12275.0;32050.0
Piso;40.0;1;1;2.0;En buen estado;1100.0;2890.45;16.94;20500.0;54316.0
Ático;465.0;4;4;2.0;En buen estado;6000.0;3396.94;22.37;28233.0;69670.0
Piso;210.0;4;3;3.0;En buen estado;3000.0;3441.98;25.93;25275.0;56281.0
Piso;60.0;3;1;2.0;En buen estado;1000.0;974.29;14.69;13993.0;36837.0
Piso;70.0;1;1;2.0;En buen estado;1300.0;2561.81;12.41;21254.0;65428.0
Piso;90.0;2;2;1.0;En buen estado;2800.0;3886.67;27.61;25956.0;60217.0
Piso;79.0;1;1;4.0;En buen estado;1200.0;1950.7;21.77;17026.0;39991.0
Piso;127.0;3;2;4.0;En buen estado;950.0;870.83;11.27;13809.0;37487.0
Piso;300.0;4;4;1.0;En buen estado;4250.0;4462.56;19.35;19394.0;57962.0
Piso;48.0;1;1;3.0;En buen estado;1150.0;3886.67;27.61;25956.0;60217.0
Piso;115.0;4;2;3.0;En buen estado;2000.0;2545.3;20.32;24659.0;63205.0
Piso;112.0;3;2;4.0;En buen estado;1800.0;1950.7;21.77;17026.0;39991.0
Piso;160.0;4;4;4.0;En buen estado;3900.0;3886.67;27.61;25956.0;60217.0
Piso;122.0;2;2;9.0;En buen estado;1800.0;1916.11;16.14;16890.0;41311.0
Piso;88.0;3;2;2.0;En buen estado;1580.0;3886.67;27.61;25956.0;60217.0
Piso;355.0;5;4;10.0;En buen estado;4200.0;1950.7;21.77;17026.0;39991.0
Piso;84.0;2;2;1.0;En buen estado;1200.0;1366.67;14.13;19482.0;51400.0
Piso;57.0;3;1;2.0;En buen estado;970.0;983.32;16.24;11059.0;30673.0
Piso;48.0;1;1;2.0;En buen estado;990.0;2787.63;26.98;19199.0;38360.0
Piso;95.0;4;1;2.0;En buen estado;1800.0;3441.98;25.93;25275.0;56281.0
Piso;65.0;3;1;2.0;En buen estado;990.0;983.32;16.24;11059.0;30673.0
Piso;65.0;3;1;4.0;En buen estado;890.0;1043.64;13.12;12566.0;34529.0
Piso;84.0;3;2;2.0;En buen estado;2100.0;3396.94;22.37;28233.0;69670.0
Piso;70.0;3;1;5.0;En buen estado;850.0;1175.0;11.13;13809.0;37487.0
Apartamento;48.0;1;1;1.0;A estrenar;1200.0;1950.7;21.77;17026.0;39991.0
Piso;146.0;3;2;2.0;En buen estado;2000.0;3328.25;14.16;21248.0;66390.0
Piso;59.0;2;1;3.0;En buen estado;930.0;1119.5;15.28;13605.0;35278.0
Ático;72.0;2;2;6.0;En buen estado;2400.0;3886.67;27.61;25956.0;60217.0
Casa adosada;380.0;4;4;0.0;En buen estado;5400.0;2890.45;16.94;20500.0;54316.0
Piso;105.0;2;2;2.0;En buen estado;2950.0;2787.63;26.98;19199.0;38360.0
Piso;50.0;2;1;2.0;En buen estado;825.0;1285.7;14.05;13849.0;37141.0
Piso;291.0;4;4;2.0;En buen estado;4200.0;4462.56;19.35;19394.0;57962.0
Piso;70.0;2;2;3.0;En buen estado;1000.0;1285.7;14.05;13849.0;37141.0
Piso;80.0;3;1;3.0;En buen estado;895.0;983.32;16.24;11059.0;30673.0
Piso;143.0;4;2;2.0;Reformado;2800.0;4039.88;19.27;27167.0;86403.0
Piso;48.0;2;1;1.0;En buen estado;900.0;1278.57;16.42;15115.0;39321.0
Piso;80.0;3;1;1.0;En buen estado;1600.0;2787.63;26.98;19199.0;38360.0
Apartamento;50.0;1;1;-0.5;En buen estado;900.0;1731.0;18.55;18512.0;63085.0
Piso;55.0;2;1;1.0;En buen estado;850.0;1278.57;16.42;15115.0;39321.0
Piso;100.0;3;2;2.0;En buen estado;1290.0;1278.57;16.42;15115.0;39321.0
Piso;60.0;2;1;6.0;En buen estado;1190.0;1950.7;21.77;17026.0;39991.0
Piso;128.0;4;2;2.0;En buen estado;1700.0;2506.52;22.52;23925.0;57448.0
Piso;70.0;3;1;3.0;En buen estado;960.0;1043.64;13.12;12566.0;34529.0
Piso;66.0;3;1;1.0;En buen estado;1040.0;1023.96;15.46;12275.0;32050.0
Ático;65.0;2;1;3.0;En buen estado;990.0;1024.26;16.55;10941.0;28681.0
Piso;40.0;1;1;2.0;Reformado;765.0;3328.25;14.16;21248.0;66390.0
Piso;78.0;2;1;2.0;En buen estado;975.0;1262.0;13.84;16184.000000000002;48274.0
Chalet;120.0;3;2;0.0;En buen estado;850.0;850.0;7.08;10744.0;28978.0
Piso;180.0;3;3;2.0;En buen estado;3300.0;3886.67;27.61;25956.0;60217.0
Piso;57.0;1;1;2.0;En buen estado;2200.0;2787.63;26.98;19199.0;38360.0
Piso;61.0;1;1;5.0;En buen estado;1400.0;3886.67;27.61;25956.0;60217.0
Estudio;47.0;1;1;0.0;En buen estado;750.0;2561.81;12.41;21254.0;65428.0
Piso;95.0;2;1;2.0;En buen estado;2250.0;2545.3;20.32;24659.0;63205.0
Piso;105.0;1;2;2.0;En buen estado;4620.0;3886.67;27.61;25956.0;60217.0
Piso;59.0;1;1;6.0;En buen estado;900.0;1278.57;16.42;15115.0;39321.0
Casa pareada;297.0;5;3;0.0;En buen estado;2950.0;1119.5;15.28;13605.0;35278.0
Piso;260.0;5;3;2.0;En buen estado;3850.0;2545.3;20.32;24659.0;63205.0
Piso;79.0;2;1;1.0;En buen estado;940.0;1262.0;13.84;16184.000000000002;48274.0
Piso;46.0;1;1;7.0;En buen estado;1100.0;3441.98;25.93;25275.0;56281.0
Chalet adosado;276.0;4;3;0.0;En buen estado;2800.0;2545.3;20.32;24659.0;63205.0
Piso;110.0;2;2;2.0;Reformado;2300.0;3396.94;22.37;28233.0;69670.0
Piso;90.0;3;2;1.0;En buen estado;1190.0;1916.11;16.14;16890.0;41311.0
Piso;102.0;2;1;3.0;En buen estado;910.0;997.0;11.69;10251.0;30961.0
Piso;50.0;1;1;1.0;En buen estado;995.0;2506.52;22.52;23925.0;57448.0
Piso;50.0;2;1;4.0;En buen estado;850.0;1278.57;16.42;15115.0;39321.0
Piso;68.0;2;1;5.0;En buen estado;890.0;1916.11;16.14;16890.0;41311.0
Piso;80.0;2;2;2.0;En buen estado;1550.0;3886.67;27.61;25956.0;60217.0
Piso;66.0;2;1;1.0;En buen estado;850.0;974.29;14.69;13993.0;36837.0
Piso;100.0;3;2;2.0;En buen estado;1380.0;1173.33;13.43;15667.0;38421.0
Piso;70.0;2;2;2.0;En buen estado;1250.0;1278.57;16.42;15115.0;39321.0
Piso;80.0;2;2;3.0;En buen estado;1100.0;966.56;13.31;12745.0;36317.0
Piso;100.0;2;2;2.0;En buen estado;2800.0;3886.67;27.61;25956.0;60217.0
Piso;98.0;3;1;2.0;En buen estado;1700.0;2506.52;22.52;23925.0;57448.0
Piso;65.0;3;1;2.0;En buen estado;900.0;1043.64;13.12;12566.0;34529.0
Piso;116.0;3;2;2.0;En buen estado;1250.0;1125.0;11.35;13080.0;36502.0
Piso;133.0;3;2;10.0;En buen estado;1750.0;3396.94;22.37;28233.0;69670.0
Piso;49.0;2;1;1.0;En buen estado;890.0;1119.5;15.28;13605.0;35278.0
Piso;65.0;1;1;2.0;En buen estado;1550.0;1950.7;21.77;17026.0;39991.0
Piso;50.0;1;1;2.0;A estrenar;1305.0;4039.88;19.27;27167.0;86403.0
Piso;80.0;2;2;2.0;En buen estado;2100.0;2545.3;20.32;24659.0;63205.0
Piso;145.0;4;2;2.0;En buen estado;1850.0;2535.85;14.31;20671.0;55125.0
Piso;75.0;3;1;4.0;En buen estado;1400.0;1156.2;17.03;13719.0;33790.0
Piso;60.0;2;1;1.0;En buen estado;850.0;950.0;11.18;13600.0;37800.0
Piso;57.0;2;1;0.0;En buen estado;950.0;983.32;16.24;11059.0;30673.0
Ático;60.0;1;1;3.0;En buen estado;580.0;580.0;9.67;13040.0;35488.0
Piso;117.0;4;3;8.0;En buen estado;1650.0;1916.11;16.14;16890.0;41311.0
Piso;41.0;1;1;2.0;A estrenar;1355.0;4039.88;19.27;27167.0;86403.0
Ático;60.0;2;1;5.0;En buen estado;1495.0;2890.45;16.94;20500.0;54316.0
Piso;328.0;5;4;7.0;En buen estado;3900.0;3396.94;22.37;28233.0;69670.0
Piso;165.0;3;3;2.0;En buen estado;4150.0;4462.56;19.35;19394.0;57962.0
Piso;100.0;3;2;1.0;En buen estado;1060.0;1275.83;10.49;15757.0;46101.0
Piso;313.0;6;4;2.0;En buen estado;3300.0;2216.67;9.1;15892.0;47630.0
Piso;75.0;3;2;3.0;En buen estado;950.0;3490.0;11.43;16370.999999999998;45647.0
Piso;80.0;3;2;1.0;En buen estado;1600.0;3396.94;22.37;28233.0;69670.0
Piso;120.0;4;2;8.0;En buen estado;1450.0;2890.45;16.94;20500.0;54316.0
Piso;46.0;1;1;2.0;A estrenar;1305.0;4039.88;19.27;27167.0;86403.0
Piso;95.0;3;2;5.0;En buen estado;1500.0;3441.98;25.93;25275.0;56281.0
Chalet;226.0;5;3;0.0;En buen estado;1250.0;967.5;9.03;16160.0;47715.0
Piso;65.0;2;1;3.0;En buen estado;850.0;850.0;13.4;13234.0;36256.0
Piso;45.0;1;1;2.0;En buen estado;1380.0;3396.94;22.37;28233.0;69670.0
Piso;43.0;1;1;2.0;Reformado;1355.0;4039.88;19.27;27167.0;86403.0
Piso;222.0;4;4;2.0;En buen estado;4780.0;3886.67;27.61;25956.0;60217.0
Piso;60.0;1;1;2.0;En buen estado;1375.0;2535.85;14.31;20671.0;55125.0
Piso;90.0;3;1;5.0;En buen estado;1490.0;3886.67;27.61;25956.0;60217.0
Piso;44.0;1;1;2.0;A estrenar;1305.0;4039.88;19.27;27167.0;86403.0
Piso;80.0;2;2;2.0;A estrenar;1575.0;1677.38;22.02;20103.0;46699.0
Chalet;220.0;6;3;0.0;En buen estado;1500.0;1500.0;6.82;13523.0;39156.0
Piso;85.0;1;2;3.0;En buen estado;2100.0;4039.88;19.27;27167.0;86403.0
Piso;82.0;4;1;2.0;En buen estado;2400.0;3441.98;25.93;25275.0;56281.0
Piso;67.0;2;1;2.0;En buen estado;1350.0;1950.7;21.77;17026.0;39991.0
Piso;40.0;1;1;2.0;En buen estado;1250.0;1677.38;22.02;20103.0;46699.0
Piso;90.0;2;2;2.0;En buen estado;1350.0;2535.85;14.31;20671.0;55125.0
Piso;80.0;3;2;2.0;En buen estado;890.0;1996.67;7.03;14981.0;39478.0
Piso;53.0;1;1;2.0;Reformado;1200.0;2787.63;26.98;19199.0;38360.0
Piso;80.0;2;1;3.0;En buen estado;795.0;708.75;8.34;12779.0;35897.0
Apartamento;112.0;3;2;2.0;En buen estado;2000.0;2535.85;14.31;20671.0;55125.0
Piso;50.0;1;1;1.0;En buen estado;850.0;1003.85;15.73;14205.0;36962.0
Piso;120.0;3;2;6.0;En buen estado;1320.0;1278.57;16.42;15115.0;39321.0
Piso;154.0;3;2;2.0;En buen estado;1400.0;3328.25;14.16;21248.0;66390.0
Piso;128.0;3;2;3.0;En buen estado;1050.0;950.0;11.18;13600.0;37800.0
Piso;48.0;1;1;2.0;En buen estado;750.0;1003.85;15.73;14205.0;36962.0
Chalet;130.0;4;2;0.0;En buen estado;1360.0;1362.06;13.71;14996.0;43503.0
Piso;115.0;4;2;7.0;En buen estado;1350.0;2535.85;14.31;20671.0;55125.0
Piso;120.0;3;2;2.0;Reformado;2500.0;3886.67;27.61;25956.0;60217.0
Piso;250.0;4;3;2.0;En buen estado;3500.0;3396.94;22.37;28233.0;69670.0
Piso;75.0;2;2;3.0;En buen estado;1400.0;2506.52;22.52;23925.0;57448.0
Piso;60.0;1;1;2.0;En buen estado;1450.0;2787.63;26.98;19199.0;38360.0
Piso;140.0;3;2;2.0;En buen estado;1700.0;2561.81;12.41;21254.0;65428.0
Piso;60.0;2;1;2.0;En buen estado;1800.0;2787.63;26.98;19199.0;38360.0
Piso;80.0;3;1;8.0;En buen estado;1290.0;2535.85;14.31;20671.0;55125.0
Piso;110.0;3;3;4.0;En buen estado;1800.0;1950.7;21.77;17026.0;39991.0
Piso;118.0;2;2;4.0;En buen estado;2980.0;3886.67;27.61;25956.0;60217.0
Piso;100.0;3;1;2.0;En buen estado;2190.0;3441.98;25.93;25275.0;56281.0
Piso;51.0;2;1;2.0;A reformar;1400.0;1677.38;22.02;20103.0;46699.0
Piso;102.0;2;2;2.0;En buen estado;1300.0;3490.0;11.43;16370.999999999998;45647.0
Piso;90.0;3;1;3.0;En buen estado;1100.0;2528.57;16.28;19394.0;57962.0
Chalet;75.0;2;2;0.0;En buen estado;800.0;1026.88;11.43;13327.0;39791.0
Piso;227.0;5;3;2.0;En buen estado;3500.0;1950.7;21.77;17026.0;39991.0
Ático;45.0;1;1;5.0;En buen estado;1350.0;2787.63;26.98;19199.0;38360.0
Piso;180.0;3;3;2.0;En buen estado;2800.0;2890.45;16.94;20500.0;54316.0
Piso;100.0;4;2;1.0;En buen estado;1500.0;1950.7;21.77;17026.0;39991.0
Piso;70.0;2;1;1.0;En buen estado;795.0;901.88;9.53;13665.0;38031.0
Piso;86.0;4;1;3.0;En buen estado;1040.0;983.32;16.24;11059.0;30673.0
Piso;81.0;3;2;2.0;A estrenar;1450.0;1362.06;13.71;14996.0;43503.0
Piso;152.0;4;2;2.0;A estrenar;3500.0;3396.94;22.37;28233.0;69670.0
Piso;60.0;1;1;4.0;En buen estado;1250.0;2890.45;16.94;20500.0;54316.0
Piso;204.0;3;3;2.0;En buen estado;2600.0;3441.98;25.93;25275.0;56281.0
Piso;90.0;3;2;2.0;A estrenar;1500.0;1362.06;13.71;14996.0;43503.0
Piso;45.0;1;1;2.0;En buen estado;1250.0;2787.63;26.98;19199.0;38360.0
Piso;152.0;4;2;2.0;En buen estado;1700.0;1731.0;18.55;18512.0;63085.0
Chalet;210.0;4;3;0.0;En buen estado;1500.0;1175.0;8.29;13809.0;37487.0
Piso;120.0;4;3;2.0;A estrenar;2100.0;2545.3;20.32;24659.0;63205.0
Piso;90.0;2;2;2.0;En buen estado;850.0;1280.0;11.26;15320.0;40283.0
Piso;66.0;1;1;2.0;En buen estado;1250.0;2787.63;26.98;19199.0;38360.0
Piso;150.0;3;3;2.0;A estrenar;2700.0;2528.57;16.28;19394.0;57962.0
Chalet;210.0;4;2;0.0;En buen estado;1500.0;2249.5;11.07;14224.0;43589.0
Chalet;300.0;6;2;0.0;En buen estado;1800.0;2650.0;8.84;15433.0;42527.0
Piso;45.0;1;1;3.0;En buen estado;785.0;1262.0;13.84;16184.000000000002;48274.0
Dúplex;240.0;4;4;2.0;En buen estado;2300.0;2561.81;12.41;21254.0;65428.0
Piso;143.0;3;2;2.0;En buen estado;2600.0;2528.57;16.28;19394.0;57962.0
Piso;91.0;2;2;2.0;En buen estado;1300.0;3328.25;14.16;21248.0;66390.0
Loft;62.0;2;1;0.0;Reformado;650.0;650.0;10.48;13284.0;35814.0
Piso;95.0;3;2;2.0;En buen estado;1175.0;3490.0;11.43;16370.999999999998;45647.0
Piso;70.0;2;1;0.5;En buen estado;1150.0;2787.63;26.98;19199.0;38360.0
Ático;94.0;1;1;2.0;En buen estado;895.0;1023.96;15.46;12275.0;32050.0
Casa pareada;325.0;4;3;0.0;En buen estado;1600.0;1075.0;8.5;13416.0;38662.0
Piso;65.0;1;1;2.0;En buen estado;760.0;1119.5;15.28;13605.0;35278.0
Piso;161.0;3;2;2.0;En buen estado;1500.0;2075.0;8.84;16172.0;52958.0
Piso;80.0;2;2;6.0;En buen estado;1455.0;1262.0;13.84;16184.000000000002;48274.0
Casa adosada;200.0;4;3;0.0;En buen estado;1600.0;2216.67;9.1;15892.0;47630.0
Piso;140.0;3;2;1.0;Reformado;1200.0;3490.0;11.43;16370.999999999998;45647.0
Piso;75.0;2;2;2.0;En buen estado;1085.0;1262.0;13.84;16184.000000000002;48274.0
Dúplex;259.0;4;3;2.0;En buen estado;2300.0;2075.0;8.84;16172.0;52958.0
Piso;50.0;2;1;1.0;Reformado;1100.0;3441.98;25.93;25275.0;56281.0
Piso;75.0;2;2;5.0;En buen estado;1075.0;1262.0;13.84;16184.000000000002;48274.0
Piso;155.0;4;3;3.0;En buen estado;2200.0;4039.88;19.27;27167.0;86403.0
Piso;75.0;2;2;5.0;En buen estado;1080.0;1262.0;13.84;16184.000000000002;48274.0
Piso;130.0;2;2;0.0;En buen estado;3190.0;4462.56;19.35;19394.0;57962.0
Piso;55.0;2;1;0.0;En buen estado;860.0;1916.11;16.14;16890.0;41311.0
Casa adosada;158.0;4;3;0.0;En buen estado;4100.0;4462.56;19.35;19394.0;57962.0
Piso;40.0;1;1;1.0;En buen estado;800.0;1023.96;15.46;12275.0;32050.0
Piso;123.0;4;2;8.0;En buen estado;2000.0;2787.63;26.98;19199.0;38360.0
Piso;50.0;1;1;2.0;En buen estado;725.0;914.06;11.78;11788.0;34016.0
Piso;148.0;4;3;2.0;En buen estado;2480.0;3441.98;25.93;25275.0;56281.0
Piso;112.0;3;2;3.0;A estrenar;1300.0;1262.0;13.84;16184.000000000002;48274.0
Piso;70.0;1;1;2.0;En buen estado;800.0;2787.63;26.98;19199.0;38360.0
Piso;72.0;2;2;7.0;En buen estado;2200.0;1950.7;21.77;17026.0;39991.0
Ático;280.0;5;5;2.0;En buen estado;2750.0;2561.81;12.41;21254.0;65428.0
Piso;116.0;2;2;2.0;En buen estado;1700.0;2561.81;12.41;21254.0;65428.0
Casa;388.0;4;4;0.0;En buen estado;4500.0;4500.0;11.6;17250.0;54057.0
Piso;190.0;4;3;4.0;Reformado;2500.0;3396.94;22.37;28233.0;69670.0
Piso;70.0;3;1;4.0;En buen estado;2000.0;2787.63;26.98;19199.0;38360.0
Chalet adosado;265.0;5;3;0.0;En buen estado;1850.0;2561.81;12.41;21254.0;65428.0
Piso;48.0;1;1;2.0;En buen estado;950.0;1156.2;17.03;13719.0;33790.0
Loft;140.0;2;2;3.0;En buen estado;1500.0;1278.57;16.42;15115.0;39321.0
Piso;55.0;2;1;3.0;En buen estado;1150.0;3886.67;27.61;25956.0;60217.0
Dúplex;75.0;2;1;0.5;En buen estado;1160.0;2787.63;26.98;19199.0;38360.0
Chalet adosado;160.0;4;3;0.0;En buen estado;1425.0;1141.67;9.46;16802.0;42412.0
Piso;82.0;3;1;2.0;En buen estado;1010.0;2535.85;14.31;20671.0;55125.0
Piso;160.0;3;2;4.0;En buen estado;2500.0;2535.85;14.31;20671.0;55125.0
Piso;67.0;1;1;3.0;Reformado;1550.0;3886.67;27.61;25956.0;60217.0
Ático;208.0;4;3;4.0;En buen estado;2950.0;1262.0;13.84;16184.000000000002;48274.0
Piso;120.0;3;2;2.0;En buen estado;2000.0;2506.52;22.52;23925.0;57448.0
Piso;90.0;3;2;1.0;Reformado;1500.0;1278.57;16.42;15115.0;39321.0
Piso;145.0;4;2;3.0;En buen estado;1900.0;2506.52;22.52;23925.0;57448.0
Apartamento;55.0;1;1;0.0;En buen estado;800.0;800.0;14.55;14005.0;42553.0
Piso;235.0;4;4;6.0;En buen estado;3200.0;2535.85;14.31;20671.0;55125.0
Piso;70.0;1;1;1.0;En buen estado;1000.0;1285.7;14.05;13849.0;37141.0
Piso;81.0;2;2;3.0;En buen estado;1550.0;1677.38;22.02;20103.0;46699.0
Piso;40.0;1;1;4.0;En buen estado;1050.0;2506.52;22.52;23925.0;57448.0
Piso;67.0;2;1;4.0;Reformado;1400.0;2545.3;20.32;24659.0;63205.0
Piso;100.0;2;2;0.0;Reformado;1450.0;3886.67;27.61;25956.0;60217.0
Ático;60.0;1;1;6.0;Reformado;1500.0;2787.63;26.98;19199.0;38360.0
Piso;62.0;1;1;2.0;Reformado;1690.0;2545.3;20.32;24659.0;63205.0
Apartamento;56.0;2;1;5.0;Reformado;1400.0;2787.63;26.98;19199.0;38360.0
Ático;135.0;2;1;8.0;Reformado;2100.0;3886.67;27.61;25956.0;60217.0
Piso;75.0;2;1;1.0;Reformado;1600.0;1131.43;18.35;10797.0;30023.0
Estudio;40.0;1;1;2.0;Reformado;1400.0;2787.63;26.98;19199.0;38360.0
Piso;50.0;2;2;1.0;En buen estado;790.0;980.0;10.99;11588.0;32406.0
Piso;130.0;3;2;6.0;En buen estado;1450.0;1262.0;13.84;16184.000000000002;48274.0
Piso;70.0;3;1;2.0;En buen estado;900.0;1173.33;13.43;15667.0;38421.0
Piso;50.0;1;1;2.0;En buen estado;1100.0;3396.94;22.37;28233.0;69670.0
Piso;60.0;2;1;2.0;En buen estado;950.0;2535.85;14.31;20671.0;55125.0
Piso;70.0;2;2;3.0;En buen estado;850.0;1026.88;11.43;13327.0;39791.0
Piso;80.0;3;2;2.0;En buen estado;875.0;1023.96;15.46;12275.0;32050.0
Piso;60.0;2;1;6.0;En buen estado;950.0;1156.2;17.03;13719.0;33790.0
Piso;104.0;2;2;3.0;En buen estado;1300.0;2890.45;16.94;20500.0;54316.0
Piso;60.0;3;1;2.0;En buen estado;900.0;1156.2;17.03;13719.0;33790.0
Piso;95.0;3;2;1.0;En buen estado;1000.0;1141.67;9.46;16802.0;42412.0
